customer_id,age,gender,income,credit_score,employment_type,debt_ratio,prediction,actual_outcome
CUST_000001,47,Male,41998,618,Full-time,0.2,1,1
CUST_000002,40,Male,33655,576,Full-time,0.17,1,1
CUST_000003,49,Female,57502,643,Full-time,0.14,0,1
CUST_000004,60,Female,95819,694,Full-time,0.37,1,1
CUST_000005,39,Male,20000,727,Self-employed,0.14,1,1
CUST_000006,39,Female,51922,635,Full-time,0.5,1,1
CUST_000007,60,Male,45248,646,Self-employed,0.1,1,1
CUST_000008,51,Female,68574,605,Full-time,0.03,1,1
CUST_000009,36,Female,54535,677,Full-time,0.48,1,1
CUST_000010,48,Female,33658,612,Unemployed,0.54,0,0
CUST_000011,36,Female,41792,725,Full-time,0.26,1,1
CUST_000012,36,Female,32924,537,Self-employed,0.33,0,0
CUST_000013,44,Male,83952,651,Full-time,0.54,1,1
CUST_000014,19,Female,49545,704,Self-employed,0.3,1,1
CUST_000015,21,Male,126829,694,Full-time,0.27,1,1
CUST_000016,35,Female,47556,850,Full-time,0.1,1,1
CUST_000017,29,Female,34399,707,Part-time,0.23,1,0
CUST_000018,45,Female,22997,599,Self-employed,0.09,1,1
CUST_000019,31,Male,20000,672,Self-employed,0.55,1,0
CUST_000020,25,Female,22201,537,Self-employed,0.04,0,1
CUST_000021,59,Female,56025,673,Self-employed,0.65,0,0
CUST_000022,39,Female,63219,613,Full-time,0.28,1,1
CUST_000023,42,Male,22234,753,Full-time,0.29,1,1
CUST_000024,24,Male,76689,636,Full-time,0.55,1,0
CUST_000025,35,Male,38502,670,Full-time,0.19,1,1
CUST_000026,43,Male,52754,629,Full-time,0.25,1,1
CUST_000027,28,Female,109766,819,Full-time,0.44,1,1
CUST_000028,46,Male,76758,654,Full-time,0.46,1,1
CUST_000029,34,Female,42861,826,Part-time,0.27,1,1
CUST_000030,38,Male,31394,745,Full-time,0.28,1,1
CUST_000031,34,Male,20000,718,Full-time,0.57,1,1
CUST_000032,64,Female,34215,709,Full-time,0.22,1,1
CUST_000033,41,Female,44109,711,Part-time,0.23,1,1
CUST_000034,29,Male,29923,525,Part-time,0.35,0,0
CUST_000035,51,Female,45906,657,Full-time,0.23,1,1
CUST_000036,27,Female,50941,747,Full-time,0.24,1,0
CUST_000037,44,Male,43808,676,Full-time,0.37,1,1
CUST_000038,18,Female,35418,567,Full-time,0.41,1,1
CUST_000039,26,Female,53333,675,Full-time,0.14,1,1
CUST_000040,44,Female,61142,816,Full-time,0.28,1,1
CUST_000041,50,Male,28418,779,Full-time,0.48,1,1
CUST_000042,44,Female,99256,675,Full-time,0.36,1,1
CUST_000043,40,Male,46662,756,Unemployed,0.3,1,1
CUST_000044,38,Male,49484,650,Unemployed,0.35,0,0
CUST_000045,24,Male,69850,543,Full-time,0.11,1,1
CUST_000046,33,Male,55083,606,Full-time,0.23,1,1
CUST_000047,36,Female,78949,805,Full-time,0.15,1,0
CUST_000048,54,Female,56588,658,Full-time,0.29,1,1
CUST_000049,46,Female,36090,660,Self-employed,0.54,0,0
CUST_000050,20,Male,58732,656,Full-time,0.14,1,1
CUST_000051,45,Male,27670,832,Part-time,0.26,1,1
CUST_000052,37,Male,51755,810,Full-time,0.17,1,1
CUST_000053,33,Female,48213,850,Unemployed,0.13,1,1
CUST_000054,49,Male,44176,667,Full-time,0.33,1,1
CUST_000055,54,Female,45969,703,Part-time,0.12,1,1
CUST_000056,53,Female,20000,558,Full-time,0.34,0,1
CUST_000057,31,Male,37258,798,Full-time,0.36,1,1
CUST_000058,38,Female,51350,586,Full-time,0.17,1,1
CUST_000059,45,Male,53099,697,Full-time,0.28,1,1
CUST_000060,53,Female,29324,592,Self-employed,0.67,0,1
CUST_000061,36,Female,92305,632,Self-employed,0.04,1,0
CUST_000062,39,Male,31790,613,Self-employed,0.22,1,1
CUST_000063,28,Male,79596,631,Full-time,0.6,1,1
CUST_000064,27,Female,60693,636,Self-employed,0.35,1,1
CUST_000065,51,Female,35485,636,Full-time,0.4,1,1
CUST_000066,58,Male,119092,746,Full-time,0.53,1,1
CUST_000067,41,Female,26988,591,Full-time,0.46,0,0
CUST_000068,54,Female,77619,697,Full-time,0.34,1,1
CUST_000069,46,Female,80845,777,Full-time,0.39,1,0
CUST_000070,34,Male,35055,638,Full-time,0.15,1,0
CUST_000071,46,Female,98344,622,Full-time,0.23,1,1
CUST_000072,60,Female,43259,661,Self-employed,0.54,1,1
CUST_000073,41,Male,56632,774,Full-time,0.55,1,1
CUST_000074,60,Male,55835,695,Full-time,0.29,1,1
CUST_000075,18,Female,45836,637,Full-time,0.26,1,1
CUST_000076,51,Male,73526,718,Full-time,0.15,1,1
CUST_000077,43,Female,72892,591,Full-time,0.38,1,1
CUST_000078,38,Male,20449,734,Full-time,0.04,1,1
CUST_000079,43,Male,94105,712,Full-time,0.15,1,1
CUST_000080,18,Female,21348,655,Part-time,0.33,1,1
CUST_000081,39,Male,82147,612,Full-time,0.3,1,1
CUST_000082,46,Male,86107,609,Self-employed,0.27,1,1
CUST_000083,59,Male,28410,722,Full-time,0.24,1,1
CUST_000084,35,Female,39918,778,Full-time,0.07,1,1
CUST_000085,32,Male,28201,629,Self-employed,0.54,0,0
CUST_000086,35,Male,44026,716,Full-time,0.17,1,1
CUST_000087,52,Female,42023,513,Full-time,0.31,0,0
CUST_000088,45,Male,72390,633,Self-employed,0.58,1,1
CUST_000089,35,Female,94386,677,Full-time,0.43,1,1
CUST_000090,48,Male,98502,607,Part-time,0.6,0,0
CUST_000091,43,Female,37008,605,Full-time,0.16,1,1
CUST_000092,53,Male,44151,626,Part-time,0.21,0,0
CUST_000093,33,Female,21126,703,Full-time,0.48,1,1
CUST_000094,38,Male,32763,665,Full-time,0.25,1,1
CUST_000095,37,Male,79413,500,Full-time,0.14,1,1
CUST_000096,24,Male,109951,510,Full-time,0.62,1,1
CUST_000097,45,Male,26445,631,Full-time,0.19,1,1
CUST_000098,45,Male,36452,716,Full-time,0.3,1,1
CUST_000099,42,Male,48377,460,Full-time,0.27,1,1
CUST_000100,39,Female,56391,640,Full-time,0.31,1,1
CUST_000101,25,Male,32702,637,Full-time,0.17,1,1
CUST_000102,36,Male,60598,791,Self-employed,0.04,1,1
CUST_000103,37,Female,38680,649,Full-time,0.35,1,1
CUST_000104,32,Female,48667,710,Full-time,0.35,1,1
CUST_000105,40,Male,64417,691,Full-time,0.08,1,1
CUST_000106,46,Male,49178,509,Full-time,0.22,1,0
CUST_000107,64,Male,39411,741,Self-employed,0.08,1,1
CUST_000108,44,Female,46406,697,Full-time,0.42,1,1
CUST_000109,45,Female,46902,720,Unemployed,0.09,0,0
CUST_000110,41,Male,40741,850,Full-time,0.35,1,1
CUST_000111,18,Female,43070,513,Part-time,0.38,0,0
CUST_000112,41,Female,109024,817,Full-time,0.25,1,1
CUST_000113,42,Female,64890,657,Self-employed,0.61,0,0
CUST_000114,71,Female,42288,702,Full-time,0.02,1,1
CUST_000115,39,Male,69457,676,Full-time,0.42,1,1
CUST_000116,45,Male,41485,646,Full-time,0.34,1,1
CUST_000117,41,Male,88129,634,Full-time,0.48,1,1
CUST_000118,27,Male,58972,706,Self-employed,0.61,1,1
CUST_000119,55,Female,46460,558,Full-time,0.28,1,1
CUST_000120,51,Female,61319,740,Full-time,0.24,1,1
CUST_000121,51,Male,22349,646,Part-time,0.54,0,1
CUST_000122,31,Male,27906,589,Full-time,0.17,1,1
CUST_000123,58,Male,26985,643,Unemployed,0.42,0,0
CUST_000124,25,Female,52652,780,Part-time,0.33,1,1
CUST_000125,49,Male,116571,637,Full-time,0.57,1,1
CUST_000126,68,Male,149589,708,Self-employed,0.07,1,1
CUST_000127,30,Male,67442,621,Full-time,0.06,1,1
CUST_000128,35,Male,62970,740,Full-time,0.21,1,1
CUST_000129,43,Female,20000,734,Full-time,0.28,1,1
CUST_000130,35,Female,37371,827,Full-time,0.39,1,1
CUST_000131,23,Male,33060,665,Part-time,0.14,1,1
CUST_000132,42,Female,35938,733,Self-employed,0.04,1,1
CUST_000133,29,Female,45068,687,Full-time,0.7,1,1
CUST_000134,47,Female,38713,783,Full-time,0.2,1,1
CUST_000135,30,Male,20000,622,Unemployed,0.46,0,0
CUST_000136,60,Male,71250,739,Full-time,0.12,1,1
CUST_000137,32,Male,28670,664,Full-time,0.23,1,0
CUST_000138,38,Female,55249,674,Full-time,0.09,1,1
CUST_000139,51,Male,138280,687,Self-employed,0.65,1,1
CUST_000140,27,Male,30955,700,Full-time,0.19,1,1
CUST_000141,44,Male,20000,670,Part-time,0.07,1,1
CUST_000142,57,Female,42488,697,Self-employed,0.55,0,0
CUST_000143,22,Male,85006,806,Full-time,0.21,1,1
CUST_000144,44,Female,130505,758,Full-time,0.58,1,1
CUST_000145,45,Female,26508,749,Self-employed,0.34,1,1
CUST_000146,51,Male,62840,643,Full-time,0.29,1,1
CUST_000147,27,Female,38845,608,Part-time,0.42,0,0
CUST_000148,26,Male,46491,756,Self-employed,0.16,1,0
CUST_000149,48,Female,183904,750,Full-time,0.19,1,0
CUST_000150,45,Male,23121,797,Part-time,0.3,1,1
CUST_000151,45,Female,55651,631,Self-employed,0.42,1,1
CUST_000152,46,Female,61935,661,Self-employed,0.28,1,1
CUST_000153,33,Female,84363,548,Full-time,0.04,1,1
CUST_000154,44,Female,51482,648,Full-time,0.31,1,1
CUST_000155,45,Male,57183,759,Full-time,0.22,1,0
CUST_000156,33,Female,40302,642,Part-time,0.28,1,1
CUST_000157,64,Female,56081,731,Full-time,0.25,1,1
CUST_000158,47,Female,41291,664,Part-time,0.24,1,0
CUST_000159,27,Male,66888,705,Full-time,0.29,1,1
CUST_000160,49,Female,40749,588,Full-time,0.46,0,0
CUST_000161,30,Female,59192,686,Full-time,0.12,1,1
CUST_000162,51,Female,48308,440,Part-time,0.21,0,0
CUST_000163,55,Male,86079,665,Full-time,0.11,1,1
CUST_000164,32,Female,47777,549,Full-time,0.21,1,1
CUST_000165,53,Male,20200,776,Full-time,0.28,1,1
CUST_000166,46,Female,92130,742,Part-time,0.12,1,0
CUST_000167,51,Male,31167,717,Full-time,0.32,1,0
CUST_000168,64,Female,35352,801,Full-time,0.32,1,1
CUST_000169,39,Female,36394,604,Unemployed,0.13,0,0
CUST_000170,32,Male,97462,819,Part-time,0.22,1,1
CUST_000171,31,Female,20000,754,Unemployed,0.04,1,1
CUST_000172,32,Male,200000,661,Full-time,0.14,1,1
CUST_000173,41,Female,83118,770,Full-time,0.19,1,0
CUST_000174,46,Female,54809,591,Self-employed,0.18,1,0
CUST_000175,45,Female,47693,614,Full-time,0.06,1,1
CUST_000176,51,Female,56544,631,Part-time,0.1,0,0
CUST_000177,42,Female,63612,637,Full-time,0.22,1,1
CUST_000178,59,Male,67684,595,Full-time,0.5,1,1
CUST_000179,38,Male,64718,777,Full-time,0.4,1,1
CUST_000180,74,Female,51266,659,Full-time,0.27,1,1
CUST_000181,49,Female,44414,708,Full-time,0.36,1,1
CUST_000182,31,Female,45449,634,Full-time,0.53,1,1
CUST_000183,29,Female,44468,534,Unemployed,0.09,0,1
CUST_000184,47,Male,86412,701,Full-time,0.54,1,1
CUST_000185,39,Female,65958,527,Part-time,0.38,0,0
CUST_000186,50,Male,20000,674,Self-employed,0.46,1,1
CUST_000187,47,Female,68046,570,Full-time,0.1,1,1
CUST_000188,41,Male,54033,838,Full-time,0.2,1,1
CUST_000189,31,Male,48564,752,Part-time,0.44,1,1
CUST_000190,23,Male,40365,688,Full-time,0.25,1,0
CUST_000191,36,Male,85996,781,Part-time,0.23,1,1
CUST_000192,52,Female,78728,612,Part-time,0.53,0,0
CUST_000193,44,Male,33308,723,Unemployed,0.23,1,1
CUST_000194,27,Male,60085,695,Full-time,0.31,1,1
CUST_000195,44,Male,30156,701,Full-time,0.52,1,1
CUST_000196,46,Male,24592,781,Full-time,0.56,1,0
CUST_000197,31,Male,35833,738,Full-time,0.13,1,1
CUST_000198,43,Male,75447,703,Self-employed,0.23,1,1
CUST_000199,42,Female,78949,547,Full-time,0.39,1,1
CUST_000200,28,Female,63357,603,Full-time,0.6,1,1
CUST_000201,46,Female,70442,670,Self-employed,0.13,1,1
CUST_000202,48,Male,63455,687,Full-time,0.4,1,1
CUST_000203,54,Male,35570,589,Full-time,0.24,1,1
CUST_000204,54,Female,60837,850,Full-time,0.52,1,1
CUST_000205,25,Male,73145,801,Self-employed,0.14,1,0
CUST_000206,30,Male,71478,728,Full-time,0.53,1,1
CUST_000207,48,Male,88827,685,Self-employed,0.39,1,0
CUST_000208,48,Male,69853,663,Full-time,0.21,1,1
CUST_000209,48,Male,58438,603,Part-time,0.07,1,0
CUST_000210,75,Male,83706,686,Self-employed,0.35,1,1
CUST_000211,48,Female,48375,700,Full-time,0.25,1,1
CUST_000212,55,Female,31541,580,Full-time,0.05,1,0
CUST_000213,53,Female,45182,706,Full-time,0.54,1,1
CUST_000214,49,Female,33777,667,Part-time,0.22,1,0
CUST_000215,38,Female,34975,527,Full-time,0.51,0,1
CUST_000216,51,Female,45603,611,Full-time,0.36,1,1
CUST_000217,32,Female,32984,646,Full-time,0.54,0,0
CUST_000218,39,Male,42024,831,Full-time,0.02,1,1
CUST_000219,36,Male,20000,724,Full-time,0.3,1,1
CUST_000220,42,Male,54537,573,Full-time,0.65,0,0
CUST_000221,69,Female,49050,718,Full-time,0.14,1,1
CUST_000222,19,Female,32580,556,Self-employed,0.3,0,0
CUST_000223,50,Male,68160,766,Part-time,0.09,1,0
CUST_000224,22,Female,78337,642,Full-time,0.64,1,1
CUST_000225,36,Male,21943,672,Unemployed,0.22,0,0
CUST_000226,55,Female,33477,786,Part-time,0.32,1,0
CUST_000227,42,Male,33370,577,Self-employed,0.26,1,1
CUST_000228,29,Male,30639,568,Full-time,0.42,1,1
CUST_000229,33,Male,74216,633,Full-time,0.17,1,1
CUST_000230,50,Male,44492,763,Full-time,0.26,1,1
CUST_000231,33,Male,42947,558,Part-time,0.27,0,0
CUST_000232,44,Male,20000,453,Full-time,0.06,0,0
CUST_000233,42,Female,67353,643,Full-time,0.04,1,0
CUST_000234,34,Female,26380,724,Full-time,0.34,1,1
CUST_000235,67,Male,50512,776,Full-time,0.05,1,1
CUST_000236,49,Female,56313,642,Full-time,0.23,1,1
CUST_000237,18,Female,96792,647,Full-time,0.13,1,1
CUST_000238,44,Male,25478,772,Full-time,0.29,1,0
CUST_000239,34,Male,20000,530,Full-time,0.41,0,0
CUST_000240,52,Male,53740,648,Unemployed,0.41,0,0
CUST_000241,32,Male,120602,695,Part-time,0.32,1,1
CUST_000242,40,Female,91078,715,Self-employed,0.31,1,1
CUST_000243,48,Male,54438,639,Part-time,0.44,0,0
CUST_000244,52,Female,38337,682,Full-time,0.32,1,1
CUST_000245,27,Female,73391,480,Full-time,0.18,1,1
CUST_000246,37,Male,30128,627,Part-time,0.05,0,0
CUST_000247,36,Female,62204,716,Full-time,0.49,1,1
CUST_000248,34,Male,63116,601,Full-time,0.65,0,0
CUST_000249,63,Female,83291,684,Full-time,0.19,1,1
CUST_000250,46,Male,194819,715,Full-time,0.21,1,1
CUST_000251,26,Female,59647,652,Full-time,0.04,1,1
CUST_000252,53,Female,38006,693,Full-time,0.21,1,1
CUST_000253,67,Male,48397,602,Full-time,0.25,1,1
CUST_000254,54,Female,20240,663,Self-employed,0.14,1,1
CUST_000255,23,Female,34635,728,Full-time,0.13,1,1
CUST_000256,36,Female,39948,692,Full-time,0.27,1,1
CUST_000257,57,Female,37720,633,Full-time,0.25,1,1
CUST_000258,33,Female,52900,697,Part-time,0.14,1,1
CUST_000259,47,Male,32493,737,Full-time,0.49,1,1
CUST_000260,51,Male,85863,516,Full-time,0.01,1,0
CUST_000261,30,Female,49025,772,Full-time,0.45,1,1
CUST_000262,41,Male,48793,653,Full-time,0.14,1,1
CUST_000263,18,Female,41608,714,Self-employed,0.24,1,1
CUST_000264,29,Female,52976,775,Self-employed,0.33,1,0
CUST_000265,38,Male,74053,570,Full-time,0.28,1,1
CUST_000266,27,Male,31774,623,Full-time,0.21,1,1
CUST_000267,61,Female,35275,656,Part-time,0.19,1,1
CUST_000268,24,Male,42114,617,Full-time,0.25,1,1
CUST_000269,36,Female,25010,818,Full-time,0.44,1,1
CUST_000270,43,Male,32544,611,Full-time,0.35,1,1
CUST_000271,59,Female,38634,635,Self-employed,0.12,1,1
CUST_000272,24,Male,75901,696,Full-time,0.55,1,1
CUST_000273,55,Female,55897,583,Full-time,0.08,1,0
CUST_000274,42,Male,54003,648,Part-time,0.48,1,1
CUST_000275,30,Female,75015,705,Full-time,0.37,1,1
CUST_000276,47,Male,45766,653,Full-time,0.08,1,0
CUST_000277,44,Female,59589,672,Unemployed,0.46,0,1
CUST_000278,34,Female,46554,637,Full-time,0.37,1,0
CUST_000279,42,Male,55976,558,Full-time,0.34,1,0
CUST_000280,37,Male,36629,705,Full-time,0.15,1,0
CUST_000281,43,Male,20000,820,Full-time,0.27,1,1
CUST_000282,49,Female,45837,681,Full-time,0.16,1,1
CUST_000283,61,Female,99844,698,Full-time,0.31,1,1
CUST_000284,27,Female,77894,735,Full-time,0.1,1,1
CUST_000285,67,Male,79435,578,Self-employed,0.59,1,1
CUST_000286,18,Male,90950,816,Full-time,0.28,1,0
CUST_000287,40,Female,51242,696,Full-time,0.21,1,1
CUST_000288,49,Male,54103,810,Full-time,0.36,1,0
CUST_000289,45,Female,35996,621,Part-time,0.57,0,0
CUST_000290,34,Male,41854,825,Full-time,0.16,1,1
CUST_000291,39,Female,66695,742,Full-time,0.41,1,1
CUST_000292,36,Male,89495,724,Full-time,0.29,1,1
CUST_000293,34,Male,45719,698,Full-time,0.24,1,1
CUST_000294,52,Female,39140,660,Full-time,0.03,1,1
CUST_000295,46,Female,49033,776,Self-employed,0.33,1,1
CUST_000296,33,Female,66211,691,Full-time,0.4,1,1
CUST_000297,52,Male,23815,522,Full-time,0.49,0,0
CUST_000298,45,Male,20000,590,Full-time,0.41,1,1
CUST_000299,51,Female,37224,665,Self-employed,0.23,1,1
CUST_000300,49,Female,26626,704,Full-time,0.14,1,1
CUST_000301,32,Male,38022,675,Full-time,0.03,1,1
CUST_000302,35,Male,45529,777,Full-time,0.42,1,1
CUST_000303,50,Male,39080,523,Full-time,0.33,1,1
CUST_000304,49,Female,101339,691,Full-time,0.26,1,1
CUST_000305,41,Male,57720,534,Full-time,0.14,1,1
CUST_000306,43,Male,56967,740,Full-time,0.06,1,1
CUST_000307,57,Male,66909,672,Full-time,0.6,0,1
CUST_000308,34,Male,27738,713,Full-time,0.54,1,1
CUST_000309,48,Male,82417,610,Full-time,0.63,1,1
CUST_000310,39,Male,47198,782,Full-time,0.58,1,1
CUST_000311,39,Male,68544,763,Part-time,0.26,1,1
CUST_000312,55,Female,28683,726,Unemployed,0.14,1,1
CUST_000313,51,Male,22541,669,Unemployed,0.21,0,1
CUST_000314,51,Female,73787,726,Self-employed,0.14,1,1
CUST_000315,57,Female,59172,623,Full-time,0.16,1,1
CUST_000316,42,Female,31224,748,Part-time,0.35,1,1
CUST_000317,50,Female,31734,811,Full-time,0.12,1,1
CUST_000318,38,Male,86052,765,Full-time,0.3,1,1
CUST_000319,45,Male,27045,621,Full-time,0.09,1,1
CUST_000320,40,Female,111450,708,Full-time,0.28,1,0
CUST_000321,43,Female,31247,576,Part-time,0.26,0,0
CUST_000322,49,Female,67453,725,Full-time,0.57,1,0
CUST_000323,32,Female,41593,716,Full-time,0.1,1,0
CUST_000324,67,Female,66276,530,Self-employed,0.18,1,1
CUST_000325,29,Male,37344,587,Full-time,0.19,1,1
CUST_000326,27,Male,45188,657,Full-time,0.44,1,1
CUST_000327,55,Female,50034,655,Self-employed,0.28,0,0
CUST_000328,51,Female,29700,583,Full-time,0.36,0,0
CUST_000329,49,Male,70998,711,Full-time,0.3,1,0
CUST_000330,49,Female,37926,700,Full-time,0.11,1,1
CUST_000331,41,Male,43726,664,Full-time,0.15,1,1
CUST_000332,31,Female,29816,619,Self-employed,0.39,0,0
CUST_000333,42,Male,20000,763,Full-time,0.33,1,1
CUST_000334,33,Male,44555,812,Full-time,0.2,1,1
CUST_000335,53,Female,163784,641,Full-time,0.05,1,1
CUST_000336,40,Male,72569,631,Full-time,0.12,1,1
CUST_000337,32,Female,48550,719,Unemployed,0.33,1,1
CUST_000338,38,Female,42982,651,Full-time,0.14,1,1
CUST_000339,46,Female,49574,668,Full-time,0.58,1,1
CUST_000340,35,Male,64444,739,Full-time,0.74,1,0
CUST_000341,32,Male,27162,527,Part-time,0.23,0,0
CUST_000342,44,Male,85576,785,Self-employed,0.42,1,1
CUST_000343,44,Female,70100,685,Full-time,0.33,1,1
CUST_000344,35,Female,70199,647,Full-time,0.43,1,1
CUST_000345,36,Female,61037,672,Full-time,0.66,1,1
CUST_000346,44,Female,49503,676,Part-time,0.29,1,1
CUST_000347,24,Female,68626,541,Full-time,0.01,1,1
CUST_000348,25,Female,65900,799,Self-employed,0.34,1,1
CUST_000349,33,Male,41067,683,Full-time,0.52,1,1
CUST_000350,39,Female,36798,715,Self-employed,0.06,1,1
CUST_000351,45,Male,51582,756,Full-time,0.61,1,1
CUST_000352,59,Female,106352,598,Full-time,0.64,1,0
CUST_000353,52,Female,26382,717,Full-time,0.44,1,1
CUST_000354,40,Female,23534,658,Full-time,0.08,1,1
CUST_000355,41,Male,53230,747,Self-employed,0.26,1,0
CUST_000356,29,Male,50284,509,Part-time,0.15,0,0
CUST_000357,41,Male,53459,672,Part-time,0.34,1,0
CUST_000358,38,Male,55380,631,Full-time,0.12,1,1
CUST_000359,45,Male,43844,714,Full-time,0.52,1,0
CUST_000360,32,Female,103252,717,Part-time,0.23,1,1
CUST_000361,48,Female,22016,623,Full-time,0.21,1,0
CUST_000362,60,Male,32394,623,Full-time,0.2,1,1
CUST_000363,40,Male,46554,671,Full-time,0.18,1,1
CUST_000364,46,Male,21555,608,Full-time,0.25,1,1
CUST_000365,50,Female,44894,747,Full-time,0.04,1,1
CUST_000366,37,Male,112502,650,Full-time,0.36,1,1
CUST_000367,44,Female,49535,447,Full-time,0.16,0,0
CUST_000368,42,Male,55014,650,Unemployed,0.42,0,1
CUST_000369,43,Female,26105,596,Full-time,0.45,1,1
CUST_000370,32,Female,36019,549,Full-time,0.44,1,1
CUST_000371,42,Male,40635,581,Full-time,0.35,1,1
CUST_000372,47,Female,41820,688,Part-time,0.32,0,1
CUST_000373,59,Male,93043,786,Full-time,0.5,1,0
CUST_000374,53,Female,64786,705,Full-time,0.35,1,1
CUST_000375,67,Male,28120,631,Full-time,0.35,1,0
CUST_000376,32,Female,55450,716,Full-time,0.4,1,1
CUST_000377,52,Female,62888,643,Full-time,0.59,1,1
CUST_000378,44,Female,86688,624,Self-employed,0.65,1,1
CUST_000379,68,Female,108041,587,Self-employed,0.07,1,1
CUST_000380,32,Male,29509,539,Full-time,0.45,0,0
CUST_000381,31,Male,32681,648,Full-time,0.12,1,1
CUST_000382,34,Male,26139,692,Self-employed,0.28,1,1
CUST_000383,18,Male,43607,672,Full-time,0.12,1,1
CUST_000384,35,Female,61894,646,Self-employed,0.2,1,1
CUST_000385,32,Male,80311,604,Full-time,0.07,1,1
CUST_000386,43,Female,47194,728,Self-employed,0.46,1,0
CUST_000387,46,Female,41775,574,Part-time,0.38,0,0
CUST_000388,64,Female,52885,742,Self-employed,0.66,1,1
CUST_000389,53,Male,32287,599,Part-time,0.44,1,1
CUST_000390,35,Female,139353,619,Full-time,0.07,1,1
CUST_000391,31,Female,21942,562,Self-employed,0.51,0,0
CUST_000392,47,Male,53764,639,Full-time,0.15,1,1
CUST_000393,26,Female,134834,758,Full-time,0.31,1,1
CUST_000394,63,Female,49187,721,Part-time,0.1,1,1
CUST_000395,56,Male,44577,758,Part-time,0.59,1,1
CUST_000396,36,Male,40997,721,Self-employed,0.15,1,1
CUST_000397,21,Male,44792,591,Full-time,0.17,1,0
CUST_000398,58,Male,97384,653,Part-time,0.54,1,1
CUST_000399,40,Male,20000,617,Part-time,0.21,0,0
CUST_000400,56,Male,105526,786,Full-time,0.55,1,1
CUST_000401,22,Male,24053,584,Full-time,0.26,0,0
CUST_000402,34,Male,42902,751,Full-time,0.21,1,1
CUST_000403,42,Female,39552,751,Full-time,0.05,1,1
CUST_000404,42,Female,65793,826,Unemployed,0.45,0,0
CUST_000405,36,Female,22047,647,Full-time,0.62,1,1
CUST_000406,49,Male,61764,736,Part-time,0.31,1,1
CUST_000407,29,Male,134881,850,Unemployed,0.62,1,1
CUST_000408,40,Male,24795,630,Full-time,0.16,1,1
CUST_000409,43,Male,53898,557,Self-employed,0.36,0,0
CUST_000410,48,Male,35207,529,Full-time,0.2,1,0
CUST_000411,50,Female,60654,737,Self-employed,0.57,0,0
CUST_000412,28,Male,49492,529,Full-time,0.21,1,1
CUST_000413,23,Female,35569,650,Self-employed,0.32,0,0
CUST_000414,57,Female,62563,714,Full-time,0.45,1,1
CUST_000415,45,Male,120834,694,Full-time,0.55,1,1
CUST_000416,33,Male,44558,714,Part-time,0.61,0,0
CUST_000417,60,Female,70254,697,Full-time,0.05,1,1
CUST_000418,43,Male,25677,782,Full-time,0.46,1,1
CUST_000419,56,Male,30387,603,Full-time,0.28,0,0
CUST_000420,42,Female,62081,625,Part-time,0.31,1,1
CUST_000421,66,Male,102956,618,Full-time,0.33,1,1
CUST_000422,63,Female,58559,746,Full-time,0.11,1,1
CUST_000423,39,Female,41918,752,Full-time,0.38,1,0
CUST_000424,53,Male,49003,716,Full-time,0.16,1,1
CUST_000425,49,Male,26233,774,Full-time,0.09,1,1
CUST_000426,58,Male,66320,585,Full-time,0.43,1,1
CUST_000427,30,Male,76203,813,Full-time,0.44,1,0
CUST_000428,50,Male,39103,801,Full-time,0.49,1,1
CUST_000429,54,Female,38753,738,Full-time,0.23,1,1
CUST_000430,20,Male,55990,822,Self-employed,0.59,1,0
CUST_000431,27,Male,39404,547,Full-time,0.27,1,1
CUST_000432,18,Female,47426,638,Full-time,0.53,1,1
CUST_000433,38,Female,140064,621,Part-time,0.5,1,1
CUST_000434,50,Female,43325,737,Full-time,0.2,1,1
CUST_000435,60,Male,40979,595,Part-time,0.21,1,1
CUST_000436,42,Female,35462,740,Full-time,0.31,1,0
CUST_000437,61,Female,71118,789,Full-time,0.65,1,1
CUST_000438,25,Male,44774,735,Full-time,0.22,1,0
CUST_000439,21,Male,35429,702,Part-time,0.33,1,1
CUST_000440,41,Female,94906,600,Part-time,0.33,0,0
CUST_000441,46,Male,99688,612,Full-time,0.21,1,1
CUST_000442,41,Male,36307,779,Full-time,0.57,1,1
CUST_000443,18,Male,20000,742,Unemployed,0.21,1,1
CUST_000444,40,Male,81125,676,Full-time,0.34,1,1
CUST_000445,26,Female,34810,646,Full-time,0.37,1,1
CUST_000446,50,Female,72788,517,Self-employed,0.45,0,0
CUST_000447,46,Female,20000,594,Part-time,0.33,0,0
CUST_000448,30,Male,76595,832,Full-time,0.17,1,1
CUST_000449,35,Male,26753,577,Part-time,0.56,0,0
CUST_000450,29,Male,70642,695,Self-employed,0.01,1,1
CUST_000451,41,Male,49371,760,Full-time,0.25,1,1
CUST_000452,53,Male,30425,579,Full-time,0.28,0,0
CUST_000453,30,Female,39993,694,Full-time,0.4,1,1
CUST_000454,48,Male,69089,755,Unemployed,0.2,1,1
CUST_000455,35,Female,51686,680,Part-time,0.4,1,1
CUST_000456,32,Male,65657,850,Full-time,0.32,1,1
CUST_000457,40,Male,131691,546,Self-employed,0.4,1,1
CUST_000458,29,Male,22423,764,Full-time,0.45,1,1
CUST_000459,35,Female,110040,666,Full-time,0.38,1,1
CUST_000460,27,Female,51646,741,Full-time,0.47,1,0
CUST_000461,65,Female,31276,715,Full-time,0.35,1,1
CUST_000462,42,Male,25206,621,Self-employed,0.16,1,1
CUST_000463,33,Male,44597,698,Full-time,0.14,1,1
CUST_000464,44,Female,77716,531,Self-employed,0.37,0,0
CUST_000465,40,Male,45992,728,Full-time,0.15,1,0
CUST_000466,39,Female,104357,703,Full-time,0.04,1,1
CUST_000467,49,Male,23728,731,Unemployed,0.6,0,0
CUST_000468,51,Male,48725,764,Full-time,0.64,1,1
CUST_000469,35,Male,26207,709,Full-time,0.15,1,1
CUST_000470,35,Male,58795,691,Full-time,0.22,1,1
CUST_000471,38,Female,76377,609,Self-employed,0.17,1,1
CUST_000472,18,Male,39720,623,Full-time,0.36,1,1
CUST_000473,23,Male,20000,774,Full-time,0.16,1,1
CUST_000474,58,Male,54147,794,Full-time,0.2,1,1
CUST_000475,61,Male,60984,660,Full-time,0.42,1,1
CUST_000476,39,Female,60002,683,Part-time,0.1,1,1
CUST_000477,48,Female,90934,607,Full-time,0.3,1,0
CUST_000478,45,Female,28694,773,Full-time,0.09,1,1
CUST_000479,75,Female,68879,733,Full-time,0.14,1,1
CUST_000480,55,Male,88987,835,Full-time,0.08,1,1
CUST_000481,40,Female,20144,609,Self-employed,0.26,1,1
CUST_000482,30,Male,57516,649,Full-time,0.3,1,1
CUST_000483,22,Male,38097,698,Unemployed,0.03,0,0
CUST_000484,44,Female,47062,731,Full-time,0.25,1,1
CUST_000485,32,Male,58328,662,Full-time,0.08,1,1
CUST_000486,24,Female,38422,610,Self-employed,0.65,0,1
CUST_000487,34,Male,34966,750,Full-time,0.45,1,1
CUST_000488,29,Female,49865,737,Part-time,0.33,1,0
CUST_000489,62,Female,28463,606,Unemployed,0.46,0,0
CUST_000490,52,Female,28483,788,Full-time,0.22,1,0
CUST_000491,41,Female,68850,773,Full-time,0.42,1,1
CUST_000492,59,Female,27600,690,Part-time,0.14,1,1
CUST_000493,42,Male,68401,686,Full-time,0.26,1,1
CUST_000494,31,Male,61777,724,Full-time,0.13,1,1
CUST_000495,60,Male,20683,611,Full-time,0.75,0,0
CUST_000496,48,Female,34934,682,Full-time,0.04,1,1
CUST_000497,29,Male,89059,507,Part-time,0.08,1,1
CUST_000498,39,Female,30013,750,Full-time,0.15,1,1
CUST_000499,31,Male,38862,555,Full-time,0.52,1,1
CUST_000500,25,Male,61761,800,Full-time,0.24,1,1
CUST_000501,53,Female,72525,653,Full-time,0.16,1,1
CUST_000502,64,Male,43227,663,Full-time,0.39,1,1
CUST_000503,25,Male,36360,629,Part-time,0.73,0,0
CUST_000504,48,Male,99826,656,Full-time,0.2,1,0
CUST_000505,34,Female,116943,793,Part-time,0.42,1,1
CUST_000506,36,Female,79971,480,Self-employed,0.45,0,0
CUST_000507,34,Male,51157,782,Full-time,0.16,1,1
CUST_000508,31,Male,32724,707,Full-time,0.08,1,1
CUST_000509,42,Male,32363,583,Full-time,0.17,1,1
CUST_000510,32,Female,63656,593,Full-time,0.35,1,1
CUST_000511,45,Female,60427,814,Self-employed,0.27,1,1
CUST_000512,41,Male,98794,604,Self-employed,0.22,1,1
CUST_000513,39,Male,67861,587,Full-time,0.14,1,1
CUST_000514,31,Male,23120,770,Full-time,0.15,1,1
CUST_000515,35,Female,82948,707,Self-employed,0.34,1,1
CUST_000516,51,Female,29761,604,Unemployed,0.23,0,0
CUST_000517,48,Male,40457,697,Full-time,0.25,1,1
CUST_000518,30,Male,55553,597,Full-time,0.01,1,1
CUST_000519,43,Male,132964,768,Full-time,0.18,1,1
CUST_000520,51,Female,200000,764,Unemployed,0.52,1,1
CUST_000521,21,Male,66393,722,Full-time,0.49,1,1
CUST_000522,48,Female,44730,708,Full-time,0.47,1,1
CUST_000523,34,Female,64039,820,Full-time,0.44,1,1
CUST_000524,48,Male,76406,679,Full-time,0.28,1,1
CUST_000525,32,Male,41758,585,Full-time,0.46,1,1
CUST_000526,20,Male,120283,715,Unemployed,0.17,1,1
CUST_000527,22,Female,54997,846,Full-time,0.49,1,1
CUST_000528,42,Female,62872,598,Full-time,0.19,1,1
CUST_000529,45,Female,68388,651,Full-time,0.43,1,1
CUST_000530,31,Female,60523,713,Full-time,0.38,1,1
CUST_000531,49,Male,74568,675,Full-time,0.25,1,1
CUST_000532,22,Female,36003,601,Full-time,0.03,1,1
CUST_000533,41,Female,37080,769,Full-time,0.57,1,1
CUST_000534,27,Male,28280,850,Full-time,0.36,1,0
CUST_000535,34,Female,61068,695,Full-time,0.27,1,1
CUST_000536,42,Female,72364,607,Full-time,0.32,1,0
CUST_000537,31,Female,61628,556,Unemployed,0.07,0,0
CUST_000538,37,Female,113237,700,Self-employed,0.15,1,1
CUST_000539,54,Female,48883,768,Full-time,0.49,1,1
CUST_000540,35,Female,68485,718,Full-time,0.57,1,1
CUST_000541,52,Male,28400,679,Self-employed,0.12,1,1
CUST_000542,28,Male,40394,632,Full-time,0.32,1,1
CUST_000543,48,Female,69408,592,Self-employed,0.29,1,1
CUST_000544,59,Male,74948,746,Self-employed,0.43,1,0
CUST_000545,18,Male,42320,753,Full-time,0.21,1,1
CUST_000546,32,Male,47296,556,Full-time,0.41,1,1
CUST_000547,48,Male,22949,807,Unemployed,0.45,1,1
CUST_000548,39,Female,41006,725,Full-time,0.27,1,1
CUST_000549,46,Female,76511,791,Full-time,0.42,1,1
CUST_000550,34,Male,65355,572,Full-time,0.15,1,1
CUST_000551,43,Male,62964,570,Full-time,0.47,0,0
CUST_000552,40,Male,50256,668,Part-time,0.09,1,1
CUST_000553,56,Female,49194,720,Part-time,0.47,1,1
CUST_000554,45,Female,35236,823,Unemployed,0.47,1,1
CUST_000555,46,Male,69523,736,Full-time,0.35,1,0
CUST_000556,37,Female,60505,660,Full-time,0.26,1,1
CUST_000557,36,Female,62693,597,Full-time,0.18,1,1
CUST_000558,36,Female,37683,778,Full-time,0.41,1,1
CUST_000559,46,Female,20000,602,Full-time,0.06,1,1
CUST_000560,36,Male,84844,810,Unemployed,0.18,1,1
CUST_000561,45,Female,38583,657,Self-employed,0.37,1,1
CUST_000562,66,Male,31844,807,Full-time,0.19,1,1
CUST_000563,52,Female,69337,734,Full-time,0.21,1,1
CUST_000564,38,Female,40295,669,Full-time,0.29,1,1
CUST_000565,56,Female,83280,638,Full-time,0.28,1,1
CUST_000566,37,Female,66736,652,Part-time,0.09,1,1
CUST_000567,18,Male,68994,714,Full-time,0.23,1,1
CUST_000568,29,Female,24760,686,Unemployed,0.33,0,0
CUST_000569,19,Female,89856,632,Full-time,0.43,1,0
CUST_000570,37,Female,55861,666,Full-time,0.54,1,1
CUST_000571,42,Male,40756,686,Part-time,0.36,1,1
CUST_000572,62,Male,52664,509,Full-time,0.03,1,1
CUST_000573,45,Male,20168,716,Full-time,0.68,0,0
CUST_000574,39,Female,60133,601,Full-time,0.38,1,1
CUST_000575,51,Female,29299,587,Full-time,0.21,1,0
CUST_000576,18,Male,24925,545,Part-time,0.24,0,1
CUST_000577,44,Male,22898,536,Full-time,0.35,1,1
CUST_000578,51,Female,85506,571,Part-time,0.14,1,1
CUST_000579,24,Female,35788,623,Full-time,0.12,1,1
CUST_000580,55,Female,105541,836,Full-time,0.26,1,1
CUST_000581,46,Female,37500,637,Self-employed,0.69,0,0
CUST_000582,37,Male,20875,694,Full-time,0.4,1,1
CUST_000583,49,Male,28049,712,Full-time,0.13,1,1
CUST_000584,69,Female,90935,690,Full-time,0.01,1,1
CUST_000585,44,Female,45344,673,Full-time,0.12,1,1
CUST_000586,44,Female,37266,584,Full-time,0.33,0,0
CUST_000587,36,Female,53104,796,Full-time,0.21,1,1
CUST_000588,31,Female,63000,824,Full-time,0.46,1,1
CUST_000589,51,Male,85707,545,Full-time,0.14,1,1
CUST_000590,31,Male,101138,598,Unemployed,0.25,0,0
CUST_000591,42,Male,40950,657,Full-time,0.51,1,1
CUST_000592,36,Male,25259,602,Self-employed,0.14,0,0
CUST_000593,47,Female,39865,720,Full-time,0.18,1,1
CUST_000594,46,Female,55834,621,Full-time,0.25,1,0
CUST_000595,54,Male,30276,850,Self-employed,0.32,1,1
CUST_000596,35,Male,30376,775,Full-time,0.26,1,1
CUST_000597,38,Female,58214,697,Part-time,0.06,1,1
CUST_000598,30,Male,47842,762,Full-time,0.13,1,0
CUST_000599,36,Female,49831,768,Full-time,0.22,1,1
CUST_000600,46,Female,33548,634,Full-time,0.21,1,0
CUST_000601,51,Female,43686,614,Full-time,0.49,1,1
CUST_000602,30,Male,30880,686,Self-employed,0.58,1,0
CUST_000603,52,Male,76504,748,Full-time,0.51,1,1
CUST_000604,58,Female,82258,691,Unemployed,0.12,1,1
CUST_000605,46,Female,20000,553,Unemployed,0.53,0,0
CUST_000606,64,Male,30799,615,Full-time,0.3,1,0
CUST_000607,32,Female,23196,674,Full-time,0.2,1,1
CUST_000608,27,Male,35418,673,Self-employed,0.26,0,0
CUST_000609,20,Female,47017,837,Unemployed,0.35,0,0
CUST_000610,59,Male,23746,569,Full-time,0.54,0,0
CUST_000611,49,Female,30917,720,Full-time,0.41,1,1
CUST_000612,41,Male,29673,799,Full-time,0.03,1,0
CUST_000613,45,Male,54373,850,Part-time,0.58,1,1
CUST_000614,28,Male,50750,647,Full-time,0.05,1,1
CUST_000615,71,Male,34170,719,Part-time,0.36,1,1
CUST_000616,43,Female,53552,725,Full-time,0.44,1,1
CUST_000617,43,Female,37296,695,Full-time,0.42,1,1
CUST_000618,50,Male,42794,672,Full-time,0.09,1,1
CUST_000619,47,Male,113179,714,Full-time,0.47,1,1
CUST_000620,44,Female,95820,477,Full-time,0.34,1,1
CUST_000621,32,Female,25596,734,Full-time,0.19,1,1
CUST_000622,47,Female,74225,690,Full-time,0.15,1,1
CUST_000623,64,Male,73548,662,Full-time,0.34,1,0
CUST_000624,58,Male,27608,843,Full-time,0.36,1,1
CUST_000625,61,Female,73820,626,Unemployed,0.09,1,1
CUST_000626,35,Male,105764,647,Full-time,0.37,1,1
CUST_000627,30,Female,27965,839,Full-time,0.45,1,1
CUST_000628,40,Male,30984,613,Full-time,0.08,1,1
CUST_000629,42,Female,81538,635,Unemployed,0.42,0,0
CUST_000630,55,Male,56148,668,Full-time,0.46,1,1
CUST_000631,21,Female,64585,747,Part-time,0.2,1,1
CUST_000632,60,Male,58121,696,Part-time,0.64,0,0
CUST_000633,40,Female,59596,576,Full-time,0.15,1,0
CUST_000634,36,Male,25254,637,Full-time,0.21,1,1
CUST_000635,29,Female,82756,631,Part-time,0.16,1,0
CUST_000636,22,Female,87973,673,Full-time,0.59,1,1
CUST_000637,51,Female,43708,714,Full-time,0.23,1,1
CUST_000638,42,Female,47966,713,Part-time,0.21,1,1
CUST_000639,26,Female,22798,537,Full-time,0.13,1,1
CUST_000640,26,Female,63394,765,Self-employed,0.54,1,1
CUST_000641,37,Male,65253,700,Full-time,0.16,1,1
CUST_000642,62,Female,47519,790,Self-employed,0.17,1,1
CUST_000643,38,Male,86006,715,Full-time,0.04,1,1
CUST_000644,23,Male,41479,768,Full-time,0.16,1,0
CUST_000645,39,Male,65010,717,Full-time,0.08,1,1
CUST_000646,38,Male,29441,787,Unemployed,0.25,0,0
CUST_000647,18,Female,48446,721,Full-time,0.4,1,1
CUST_000648,41,Female,44928,672,Full-time,0.19,1,1
CUST_000649,39,Female,54866,850,Full-time,0.21,1,1
CUST_000650,50,Male,40751,751,Full-time,0.11,1,1
CUST_000651,64,Male,45901,725,Full-time,0.59,1,1
CUST_000652,55,Male,74089,577,Full-time,0.53,1,1
CUST_000653,38,Male,39403,576,Full-time,0.41,1,1
CUST_000654,28,Male,21954,703,Full-time,0.39,1,1
CUST_000655,72,Male,117570,691,Full-time,0.11,1,0
CUST_000656,42,Male,97804,630,Full-time,0.35,1,1
CUST_000657,42,Female,25690,691,Part-time,0.33,1,1
CUST_000658,41,Female,69206,807,Full-time,0.36,1,0
CUST_000659,44,Female,38120,735,Full-time,0.03,1,1
CUST_000660,40,Female,55923,588,Full-time,0.16,1,1
CUST_000661,35,Female,56789,671,Unemployed,0.11,0,0
CUST_000662,35,Male,43599,615,Unemployed,0.16,0,0
CUST_000663,41,Female,33127,648,Self-employed,0.19,1,0
CUST_000664,35,Female,34708,646,Full-time,0.28,1,1
CUST_000665,33,Male,31005,641,Full-time,0.35,1,1
CUST_000666,43,Male,32340,579,Full-time,0.52,0,0
CUST_000667,38,Female,47401,669,Full-time,0.14,1,0
CUST_000668,60,Male,34273,635,Full-time,0.4,1,1
CUST_000669,18,Female,68942,445,Part-time,0.27,0,0
CUST_000670,55,Female,103117,844,Self-employed,0.05,1,0
CUST_000671,56,Male,36679,767,Self-employed,0.3,1,1
CUST_000672,18,Male,55254,649,Full-time,0.5,0,0
CUST_000673,37,Male,62934,681,Part-time,0.49,1,1
CUST_000674,37,Male,62068,586,Full-time,0.22,1,1
CUST_000675,25,Male,50918,815,Full-time,0.25,1,1
CUST_000676,32,Female,71064,831,Part-time,0.4,1,1
CUST_000677,28,Male,62387,692,Full-time,0.36,1,1
CUST_000678,63,Male,26401,761,Full-time,0.3,1,1
CUST_000679,53,Male,75703,694,Full-time,0.19,1,1
CUST_000680,57,Female,76392,573,Part-time,0.45,0,0
CUST_000681,50,Male,33468,647,Part-time,0.18,1,1
CUST_000682,28,Male,49959,690,Full-time,0.44,1,0
CUST_000683,35,Female,68986,643,Self-employed,0.11,1,1
CUST_000684,47,Female,44149,662,Full-time,0.38,1,0
CUST_000685,27,Male,83825,672,Full-time,0.11,1,1
CUST_000686,50,Female,159841,673,Part-time,0.43,1,1
CUST_000687,39,Male,33090,684,Part-time,0.53,1,1
CUST_000688,37,Male,24574,595,Unemployed,0.27,0,0
CUST_000689,50,Male,57062,622,Full-time,0.37,1,1
CUST_000690,47,Male,70317,577,Part-time,0.5,0,0
CUST_000691,37,Female,43676,758,Full-time,0.47,1,0
CUST_000692,55,Male,101379,511,Self-employed,0.16,1,1
CUST_000693,29,Male,25101,772,Full-time,0.22,1,1
CUST_000694,49,Female,69317,790,Part-time,0.56,1,0
CUST_000695,49,Female,36209,655,Full-time,0.26,1,0
CUST_000696,38,Male,115808,471,Full-time,0.37,1,0
CUST_000697,45,Female,132754,651,Full-time,0.2,1,1
CUST_000698,26,Male,33412,674,Full-time,0.28,1,1
CUST_000699,53,Female,37243,599,Full-time,0.58,1,1
CUST_000700,39,Female,75342,638,Self-employed,0.22,1,1
CUST_000701,35,Female,40393,802,Full-time,0.27,1,1
CUST_000702,54,Male,47920,733,Full-time,0.24,1,1
CUST_000703,33,Male,49647,606,Full-time,0.45,1,1
CUST_000704,25,Male,20000,552,Full-time,0.34,1,1
CUST_000705,23,Male,48682,653,Full-time,0.19,1,1
CUST_000706,49,Male,34722,662,Full-time,0.07,1,1
CUST_000707,26,Female,38308,719,Full-time,0.29,1,1
CUST_000708,63,Male,100893,637,Full-time,0.42,1,1
CUST_000709,18,Male,26153,720,Full-time,0.25,1,1
CUST_000710,62,Female,73614,834,Full-time,0.37,1,1
CUST_000711,44,Male,42638,745,Full-time,0.27,1,1
CUST_000712,40,Female,42621,676,Full-time,0.4,1,1
CUST_000713,35,Male,72779,665,Full-time,0.46,1,1
CUST_000714,46,Male,58106,651,Self-employed,0.05,1,1
CUST_000715,41,Male,65205,774,Self-employed,0.22,1,1
CUST_000716,55,Male,79546,629,Part-time,0.23,1,1
CUST_000717,43,Female,41537,683,Full-time,0.26,1,1
CUST_000718,43,Male,36093,684,Part-time,0.14,1,1
CUST_000719,37,Female,28493,639,Self-employed,0.33,1,1
CUST_000720,41,Male,32444,570,Part-time,0.17,0,0
CUST_000721,45,Male,200000,705,Full-time,0.28,1,1
CUST_000722,21,Female,91339,675,Full-time,0.25,1,1
CUST_000723,25,Male,24945,720,Self-employed,0.12,1,1
CUST_000724,50,Female,25305,637,Full-time,0.21,1,1
CUST_000725,44,Female,62375,777,Full-time,0.4,1,1
CUST_000726,39,Female,64449,609,Full-time,0.18,1,1
CUST_000727,42,Female,64501,816,Full-time,0.34,1,1
CUST_000728,46,Male,43153,540,Full-time,0.28,1,1
CUST_000729,35,Male,46040,714,Full-time,0.05,1,1
CUST_000730,32,Male,57753,718,Full-time,0.06,1,1
CUST_000731,44,Female,51171,616,Full-time,0.11,1,1
CUST_000732,30,Female,20000,713,Full-time,0.1,1,1
CUST_000733,46,Male,43699,782,Full-time,0.74,1,1
CUST_000734,21,Female,32025,502,Full-time,0.38,0,0
CUST_000735,54,Male,53509,720,Part-time,0.23,1,1
CUST_000736,47,Female,200000,480,Part-time,0.24,1,1
CUST_000737,45,Male,58908,602,Full-time,0.2,1,0
CUST_000738,53,Female,41908,810,Full-time,0.42,1,1
CUST_000739,61,Female,77722,633,Full-time,0.19,1,1
CUST_000740,54,Male,62401,586,Self-employed,0.24,1,1
CUST_000741,19,Male,60478,664,Full-time,0.4,1,1
CUST_000742,26,Male,66398,845,Full-time,0.22,1,0
CUST_000743,34,Male,137073,533,Full-time,0.08,1,1
CUST_000744,42,Male,27849,595,Full-time,0.55,1,1
CUST_000745,48,Female,62119,799,Self-employed,0.3,1,1
CUST_000746,33,Female,30847,828,Self-employed,0.39,1,1
CUST_000747,44,Female,64715,671,Full-time,0.38,1,1
CUST_000748,32,Male,30966,580,Full-time,0.43,1,1
CUST_000749,34,Female,39787,847,Full-time,0.12,1,1
CUST_000750,25,Female,42296,807,Full-time,0.09,1,1
CUST_000751,30,Male,79850,734,Full-time,0.55,1,0
CUST_000752,25,Female,77592,615,Full-time,0.32,1,1
CUST_000753,30,Female,26295,676,Full-time,0.01,1,1
CUST_000754,54,Male,50385,667,Full-time,0.32,1,0
CUST_000755,30,Male,34379,706,Self-employed,0.11,1,1
CUST_000756,73,Male,26127,796,Full-time,0.17,1,0
CUST_000757,47,Male,43980,750,Self-employed,0.28,1,1
CUST_000758,44,Female,42014,593,Part-time,0.18,1,1
CUST_000759,31,Female,164943,790,Full-time,0.55,1,1
CUST_000760,50,Female,60869,705,Part-time,0.08,1,1
CUST_000761,35,Male,24616,734,Full-time,0.37,1,1
CUST_000762,43,Male,36960,797,Full-time,0.27,1,1
CUST_000763,72,Female,81690,591,Full-time,0.11,1,1
CUST_000764,40,Female,139277,677,Unemployed,0.45,1,1
CUST_000765,55,Male,22181,637,Full-time,0.31,1,1
CUST_000766,33,Male,20000,554,Full-time,0.07,1,1
CUST_000767,41,Female,124926,707,Self-employed,0.38,1,0
CUST_000768,63,Male,59564,850,Full-time,0.18,1,1
CUST_000769,34,Male,31756,532,Part-time,0.54,0,0
CUST_000770,63,Female,64043,677,Part-time,0.41,1,1
CUST_000771,50,Male,20000,731,Self-employed,0.3,1,0
CUST_000772,35,Male,49103,689,Unemployed,0.27,1,0
CUST_000773,49,Male,57751,670,Unemployed,0.54,0,0
CUST_000774,53,Male,77818,576,Full-time,0.22,1,0
CUST_000775,49,Female,29526,698,Self-employed,0.04,1,1
CUST_000776,23,Male,51166,619,Full-time,0.3,1,0
CUST_000777,33,Male,30862,504,Full-time,0.36,1,1
CUST_000778,39,Female,55697,775,Full-time,0.17,1,1
CUST_000779,41,Female,31329,756,Part-time,0.21,1,1
CUST_000780,49,Female,39972,684,Unemployed,0.27,0,0
CUST_000781,44,Male,29794,698,Self-employed,0.04,1,1
CUST_000782,25,Male,67884,765,Full-time,0.48,1,1
CUST_000783,46,Female,75299,697,Full-time,0.27,1,0
CUST_000784,49,Female,43594,752,Full-time,0.62,1,1
CUST_000785,48,Male,49967,656,Self-employed,0.47,1,1
CUST_000786,54,Male,23758,784,Part-time,0.25,1,1
CUST_000787,52,Male,42199,705,Full-time,0.14,1,1
CUST_000788,47,Female,47805,695,Full-time,0.34,1,1
CUST_000789,41,Female,181751,578,Full-time,0.46,1,1
CUST_000790,22,Male,28113,702,Full-time,0.11,1,1
CUST_000791,47,Male,101934,613,Self-employed,0.1,1,1
CUST_000792,44,Female,80694,628,Full-time,0.5,1,1
CUST_000793,45,Female,56405,614,Full-time,0.35,1,0
CUST_000794,26,Male,118102,594,Full-time,0.31,1,1
CUST_000795,29,Female,59044,849,Full-time,0.23,1,0
CUST_000796,54,Female,59550,786,Unemployed,0.46,0,0
CUST_000797,41,Male,47735,833,Full-time,0.16,1,1
CUST_000798,50,Female,90380,582,Full-time,0.15,1,0
CUST_000799,42,Male,84815,685,Full-time,0.13,1,1
CUST_000800,42,Female,35852,576,Part-time,0.15,1,1
CUST_000801,53,Female,25346,624,Part-time,0.23,0,0
CUST_000802,35,Female,44289,606,Part-time,0.79,0,0
CUST_000803,43,Female,32858,779,Full-time,0.32,1,1
CUST_000804,36,Male,47488,648,Full-time,0.37,1,1
CUST_000805,36,Female,91009,765,Full-time,0.14,1,0
CUST_000806,38,Female,39001,728,Part-time,0.36,0,0
CUST_000807,44,Male,47982,850,Full-time,0.24,1,1
CUST_000808,36,Female,50463,561,Full-time,0.2,1,1
CUST_000809,57,Female,74922,780,Self-employed,0.51,1,1
CUST_000810,31,Male,20000,771,Self-employed,0.42,1,0
CUST_000811,39,Female,36194,602,Full-time,0.18,1,1
CUST_000812,36,Female,54482,760,Full-time,0.34,1,1
CUST_000813,59,Male,89325,706,Full-time,0.56,1,0
CUST_000814,44,Female,38332,661,Part-time,0.62,0,0
CUST_000815,54,Male,20000,614,Self-employed,0.33,0,0
CUST_000816,24,Male,66826,622,Full-time,0.47,1,1
CUST_000817,45,Male,35679,843,Full-time,0.39,1,1
CUST_000818,52,Female,27042,680,Self-employed,0.28,0,0
CUST_000819,42,Female,35876,742,Self-employed,0.18,1,1
CUST_000820,54,Male,44700,616,Full-time,0.36,1,1
CUST_000821,35,Male,36229,617,Full-time,0.26,1,1
CUST_000822,58,Female,20000,766,Full-time,0.37,1,1
CUST_000823,69,Male,76767,572,Full-time,0.17,1,1
CUST_000824,37,Female,92729,646,Self-employed,0.37,1,1
CUST_000825,36,Female,67897,682,Self-employed,0.16,1,0
CUST_000826,59,Male,27754,688,Part-time,0.12,1,1
CUST_000827,60,Female,44322,665,Full-time,0.54,1,1
CUST_000828,35,Male,48861,711,Self-employed,0.33,1,1
CUST_000829,36,Female,66131,735,Full-time,0.12,1,1
CUST_000830,38,Female,68471,738,Full-time,0.28,1,1
CUST_000831,25,Female,33959,601,Full-time,0.32,1,1
CUST_000832,30,Male,51072,657,Full-time,0.37,1,1
CUST_000833,29,Female,61613,775,Part-time,0.46,1,1
CUST_000834,32,Male,101509,751,Full-time,0.31,1,1
CUST_000835,41,Male,69720,570,Full-time,0.16,1,1
CUST_000836,44,Male,72731,708,Full-time,0.11,1,1
CUST_000837,60,Female,51119,521,Full-time,0.29,1,1
CUST_000838,30,Female,99233,683,Full-time,0.39,1,1
CUST_000839,53,Female,60167,831,Full-time,0.21,1,1
CUST_000840,39,Female,31871,604,Self-employed,0.18,1,1
CUST_000841,41,Male,98882,613,Full-time,0.18,1,1
CUST_000842,50,Female,69490,741,Full-time,0.19,1,1
CUST_000843,28,Male,39280,556,Full-time,0.29,1,1
CUST_000844,46,Female,38570,629,Self-employed,0.24,1,1
CUST_000845,43,Female,56856,727,Full-time,0.1,1,1
CUST_000846,47,Female,61795,629,Full-time,0.51,0,0
CUST_000847,45,Female,54103,661,Full-time,0.46,1,1
CUST_000848,71,Male,57276,739,Full-time,0.2,1,1
CUST_000849,34,Male,114688,713,Full-time,0.27,1,1
CUST_000850,35,Female,83765,701,Part-time,0.12,1,1
CUST_000851,34,Male,53923,652,Full-time,0.21,1,1
CUST_000852,35,Male,78484,709,Full-time,0.02,1,1
CUST_000853,34,Male,29253,670,Part-time,0.21,1,1
CUST_000854,56,Female,59812,716,Part-time,0.36,1,1
CUST_000855,59,Male,121134,640,Full-time,0.23,1,1
CUST_000856,35,Male,43957,665,Full-time,0.24,1,1
CUST_000857,32,Female,32086,600,Full-time,0.44,0,0
CUST_000858,47,Female,35381,677,Full-time,0.32,1,0
CUST_000859,35,Male,28429,615,Part-time,0.16,1,1
CUST_000860,49,Male,33110,590,Self-employed,0.39,0,0
CUST_000861,44,Male,40731,700,Unemployed,0.23,0,0
CUST_000862,23,Male,24275,697,Full-time,0.6,1,1
CUST_000863,60,Male,49405,742,Full-time,0.25,1,1
CUST_000864,63,Female,76967,645,Full-time,0.12,1,1
CUST_000865,34,Female,31136,712,Self-employed,0.18,1,1
CUST_000866,37,Female,104782,724,Full-time,0.23,1,1
CUST_000867,45,Male,63284,715,Full-time,0.48,1,1
CUST_000868,46,Female,82066,613,Part-time,0.2,1,0
CUST_000869,49,Male,35280,691,Part-time,0.11,1,1
CUST_000870,66,Female,75151,709,Self-employed,0.14,1,0
CUST_000871,39,Female,28396,680,Full-time,0.07,1,1
CUST_000872,32,Male,76505,513,Part-time,0.33,1,1
CUST_000873,25,Female,53418,692,Self-employed,0.22,1,1
CUST_000874,33,Male,64642,850,Full-time,0.39,1,0
CUST_000875,41,Female,27233,651,Full-time,0.41,0,0
CUST_000876,63,Male,31334,621,Full-time,0.25,1,1
CUST_000877,35,Male,66079,709,Unemployed,0.47,1,1
CUST_000878,44,Female,30510,704,Full-time,0.06,1,1
CUST_000879,41,Male,61796,775,Full-time,0.39,1,1
CUST_000880,56,Female,24746,579,Full-time,0.49,0,1
CUST_000881,72,Male,74913,738,Part-time,0.26,1,1
CUST_000882,35,Female,26469,727,Full-time,0.19,1,1
CUST_000883,36,Female,64611,668,Full-time,0.55,1,1
CUST_000884,54,Male,67024,707,Full-time,0.14,1,1
CUST_000885,50,Male,34600,762,Self-employed,0.29,1,1
CUST_000886,64,Male,65579,749,Full-time,0.17,1,1
CUST_000887,49,Male,55838,588,Full-time,0.16,1,1
CUST_000888,37,Male,37443,745,Part-time,0.1,1,1
CUST_000889,49,Female,29605,674,Full-time,0.52,1,1
CUST_000890,55,Female,20000,685,Self-employed,0.14,1,1
CUST_000891,51,Female,58385,685,Full-time,0.19,1,1
CUST_000892,48,Female,22417,667,Full-time,0.37,1,1
CUST_000893,54,Female,51414,775,Full-time,0.27,1,1
CUST_000894,56,Female,42970,673,Full-time,0.18,1,1
CUST_000895,58,Male,68842,590,Part-time,0.17,0,0
CUST_000896,49,Female,42149,648,Full-time,0.27,1,1
CUST_000897,39,Female,41575,694,Part-time,0.18,1,1
CUST_000898,43,Female,70681,778,Full-time,0.39,1,1
CUST_000899,56,Male,57961,728,Full-time,0.38,1,1
CUST_000900,32,Male,57415,611,Full-time,0.3,1,1
CUST_000901,46,Male,61984,850,Unemployed,0.35,1,1
CUST_000902,37,Female,22747,701,Full-time,0.19,1,1
CUST_000903,42,Female,71567,782,Full-time,0.27,1,1
CUST_000904,57,Male,66584,667,Full-time,0.18,1,1
CUST_000905,44,Female,29485,722,Full-time,0.53,1,0
CUST_000906,42,Male,43388,747,Full-time,0.12,1,1
CUST_000907,25,Male,48066,777,Self-employed,0.25,1,1
CUST_000908,50,Male,45832,764,Full-time,0.29,1,1
CUST_000909,49,Female,57926,749,Self-employed,0.26,1,1
CUST_000910,67,Female,100276,654,Full-time,0.49,1,1
CUST_000911,38,Male,84194,634,Part-time,0.22,1,1
CUST_000912,44,Female,25435,706,Self-employed,0.28,1,1
CUST_000913,44,Male,66905,754,Full-time,0.35,1,1
CUST_000914,60,Female,95269,662,Unemployed,0.29,1,1
CUST_000915,40,Female,59480,765,Full-time,0.31,1,1
CUST_000916,45,Female,84583,796,Self-employed,0.17,1,1
CUST_000917,49,Male,134072,606,Part-time,0.1,1,1
CUST_000918,44,Female,81785,613,Full-time,0.2,1,1
CUST_000919,36,Female,55528,668,Full-time,0.39,1,1
CUST_000920,44,Male,82664,704,Full-time,0.29,1,1
CUST_000921,54,Female,52703,638,Full-time,0.26,1,0
CUST_000922,29,Male,49610,788,Full-time,0.22,1,1
CUST_000923,43,Female,41121,713,Full-time,0.6,0,0
CUST_000924,33,Male,107120,683,Full-time,0.57,1,1
CUST_000925,56,Female,32558,565,Part-time,0.26,1,1
CUST_000926,23,Female,105470,574,Full-time,0.08,1,0
CUST_000927,35,Male,62939,702,Full-time,0.76,1,1
CUST_000928,46,Male,24351,509,Full-time,0.82,0,0
CUST_000929,60,Male,58913,761,Full-time,0.49,1,1
CUST_000930,41,Male,20000,667,Full-time,0.23,1,1
CUST_000931,35,Male,67020,850,Full-time,0.57,1,1
CUST_000932,64,Female,76314,850,Self-employed,0.44,1,1
CUST_000933,24,Male,36454,665,Self-employed,0.27,1,0
CUST_000934,18,Male,52144,671,Full-time,0.31,1,1
CUST_000935,47,Female,130232,759,Part-time,0.12,1,1
CUST_000936,35,Male,38067,816,Full-time,0.46,1,1
CUST_000937,29,Female,28869,548,Part-time,0.43,0,0
CUST_000938,50,Female,102829,537,Part-time,0.25,1,1
CUST_000939,44,Female,130782,630,Full-time,0.1,1,1
CUST_000940,35,Female,49111,726,Full-time,0.17,1,1
CUST_000941,26,Female,81286,719,Full-time,0.14,1,1
CUST_000942,52,Male,95869,765,Full-time,0.39,1,1
CUST_000943,49,Male,33818,584,Self-employed,0.26,0,0
CUST_000944,40,Male,38458,494,Full-time,0.45,0,1
CUST_000945,64,Female,90711,748,Self-employed,0.07,1,1
CUST_000946,29,Male,113835,613,Unemployed,0.41,0,0
CUST_000947,23,Female,64954,518,Full-time,0.31,1,1
CUST_000948,33,Female,31574,691,Part-time,0.39,0,0
CUST_000949,41,Female,132393,743,Part-time,0.15,1,1
CUST_000950,44,Female,37590,670,Unemployed,0.25,0,0
CUST_000951,39,Male,41457,643,Unemployed,0.21,0,1
CUST_000952,46,Female,58172,667,Part-time,0.46,1,1
CUST_000953,26,Female,106625,650,Full-time,0.08,1,0
CUST_000954,59,Male,75130,572,Part-time,0.11,1,1
CUST_000955,41,Male,60320,622,Full-time,0.12,1,1
CUST_000956,55,Female,61799,721,Part-time,0.11,1,1
CUST_000957,46,Female,50099,705,Self-employed,0.12,1,1
CUST_000958,47,Female,64800,693,Full-time,0.25,1,1
CUST_000959,48,Female,20000,600,Full-time,0.33,1,1
CUST_000960,47,Female,42264,665,Full-time,0.09,1,1
CUST_000961,49,Male,55307,505,Full-time,0.24,1,1
CUST_000962,57,Male,27570,694,Full-time,0.3,1,1
CUST_000963,44,Male,59466,794,Part-time,0.4,1,1
CUST_000964,50,Male,44256,562,Self-employed,0.05,1,1
CUST_000965,40,Female,117917,633,Self-employed,0.34,1,1
CUST_000966,59,Female,107635,706,Full-time,0.3,1,1
CUST_000967,33,Female,38835,780,Self-employed,0.24,1,1
CUST_000968,63,Male,45459,644,Part-time,0.17,1,1
CUST_000969,41,Female,47241,624,Full-time,0.11,1,1
CUST_000970,24,Female,39111,522,Full-time,0.07,1,0
CUST_000971,43,Female,54041,688,Full-time,0.39,1,1
CUST_000972,33,Female,33552,843,Self-employed,0.09,1,0
CUST_000973,52,Male,27852,702,Full-time,0.12,1,1
CUST_000974,34,Male,66926,678,Part-time,0.32,1,1
CUST_000975,36,Male,67155,705,Full-time,0.03,1,1
CUST_000976,19,Male,32788,679,Part-time,0.27,0,0
CUST_000977,36,Male,76701,614,Full-time,0.2,1,0
CUST_000978,18,Female,35746,745,Full-time,0.3,1,1
CUST_000979,22,Female,55635,698,Full-time,0.15,1,1
CUST_000980,51,Female,73878,681,Full-time,0.23,1,1
CUST_000981,51,Female,48203,601,Self-employed,0.33,0,0
CUST_000982,47,Male,61535,784,Full-time,0.51,1,1
CUST_000983,30,Female,37865,733,Part-time,0.18,1,1
CUST_000984,41,Male,44434,635,Full-time,0.17,1,1
CUST_000985,41,Male,44226,760,Full-time,0.11,1,0
CUST_000986,28,Male,33749,640,Full-time,0.23,1,1
CUST_000987,60,Male,44873,617,Full-time,0.43,1,1
CUST_000988,52,Male,22599,619,Self-employed,0.36,0,0
CUST_000989,39,Male,38346,538,Full-time,0.34,0,0
CUST_000990,42,Male,42512,717,Self-employed,0.41,1,0
CUST_000991,44,Female,43127,533,Unemployed,0.18,0,0
CUST_000992,18,Male,43445,581,Full-time,0.02,1,1
CUST_000993,39,Male,47530,513,Full-time,0.16,1,1
CUST_000994,33,Male,62300,673,Part-time,0.39,0,0
CUST_000995,29,Female,75906,667,Unemployed,0.13,1,1
CUST_000996,38,Male,35423,653,Self-employed,0.41,1,1
CUST_000997,63,Male,26860,596,Full-time,0.25,1,1
CUST_000998,49,Male,29114,586,Part-time,0.29,0,0
CUST_000999,35,Male,38422,717,Full-time,0.4,1,1
CUST_001000,48,Male,41111,635,Unemployed,0.2,1,1
